{
    "dataset": "Houston",
    "train_num": 20,
    "num_experiments": 10,
    "seeds": [
        1,
        2,
        3,
        4,
        5,
        6,
        7,
        8,
        9,
        10
    ],
    "OAs": [
        0.9675271739130434,
        0.9449728260869565,
        0.9502717391304348,
        0.9558423913043478,
        0.9472826086956522,
        0.9607336956521739,
        0.9536005434782608,
        0.9599184782608695,
        0.9427309782608695,
        0.9202445652173913
    ],
    "AAs": [
        0.9729161831798325,
        0.9501157913319243,
        0.9582157241842737,
        0.9638846237440439,
        0.9576557366216589,
        0.967882500449861,
        0.9622916498534869,
        0.960541352452687,
        0.9520568238292573,
        0.9350699453518626
    ],
    "Kappas": [
        0.964886297369808,
        0.9404907839324038,
        0.9462245671406894,
        0.9522597518163722,
        0.942995810990176,
        0.9575515264910937,
        0.9498312643026289,
        0.9566573446287476,
        0.9380727904817935,
        0.9137824380151374
    ],
    "EachAccs": [
        [
            0.9805036555645816,
            0.9894651539708267,
            1.0,
            0.9991830065359477,
            1.0,
            0.9934426229508196,
            0.9967948717948718,
            0.8703855619360131,
            0.8977272727272727,
            0.9660314830157415,
            0.9322873658133772,
            0.9835119538334708,
            0.9844097995545656,
            1.0,
            1.0
        ],
        [
            0.9593826157595451,
            0.9918962722852512,
            0.9985228951255539,
            0.9967320261437908,
            0.9991816693944354,
            0.921311475409836,
            0.8830128205128205,
            0.8769483182936834,
            0.8449675324675324,
            0.9983429991714996,
            0.9578860445912469,
            0.8680956306677658,
            0.9554565701559021,
            1.0,
            1.0
        ],
        [
            0.8554021121039805,
            0.9886547811993516,
            0.9985228951255539,
            0.9983660130718954,
            1.0,
            1.0,
            0.9639423076923077,
            0.8400328137817884,
            0.9099025974025975,
            0.9933719966859982,
            0.902559867877787,
            0.9670239076669415,
            0.9554565701559021,
            1.0,
            1.0
        ],
        [
            0.9805036555645816,
            0.9854132901134521,
            1.0,
            0.9975490196078431,
            0.9983633387888707,
            1.0,
            0.9815705128205127,
            0.8310090237899918,
            0.8636363636363636,
            0.9850869925434964,
            0.9661436829066887,
            0.8845836768342952,
            0.9844097995545656,
            1.0,
            1.0
        ],
        [
            0.925264012997563,
            0.9967585089141004,
            0.9985228951255539,
            0.9991830065359477,
            1.0,
            1.0,
            0.9334935897435898,
            0.8671041837571781,
            0.8116883116883116,
            0.9983429991714996,
            0.9620148637489678,
            0.8746908491343776,
            0.9977728285077951,
            1.0,
            1.0
        ],
        [
            0.9821283509341998,
            0.9854132901134521,
            1.0,
            0.9926470588235294,
            0.9991816693944354,
            0.9934426229508196,
            0.9278846153846154,
            0.9548440065681444,
            0.9180194805194806,
            0.9494614747307374,
            0.9603960396039604,
            0.8615004122011541,
            0.9933184855233853,
            1.0,
            1.0
        ],
        [
            0.9155158407798538,
            0.9991896272285251,
            1.0,
            1.0,
            0.983633387888707,
            1.0,
            0.9655448717948718,
            0.8310090237899918,
            0.859577922077922,
            0.9966859983429992,
            0.9686209744013212,
            0.9266281945589447,
            0.9977728285077951,
            0.9901960784313727,
            1.0
        ],
        [
            0.9764419171405362,
            0.979740680713128,
            1.0,
            1.0,
            1.0,
            0.8688524590163934,
            0.9431089743589743,
            0.8925348646431501,
            0.924512987012987,
            0.984258492129246,
            0.9595375722543352,
            0.8969497114591921,
            0.9821826280623608,
            1.0,
            1.0
        ],
        [
            0.9975629569455726,
            0.9870340356564019,
            0.9985228951255539,
            0.9428104575163399,
            0.9991816693944354,
            0.9770491803278688,
            0.9118589743589743,
            0.9187192118226603,
            0.8563311688311689,
            0.9875724937862469,
            0.9042904290429042,
            0.8186314921681782,
            0.9910913140311804,
            0.9901960784313727,
            1.0
        ],
        [
            0.9520714865962632,
            0.8938411669367909,
            0.9940915805022157,
            1.0,
            1.0,
            1.0,
            0.9246794871794873,
            0.8392124692370796,
            0.7857142857142857,
            0.923777961888981,
            0.9421965317919075,
            0.7889530090684254,
            0.9888641425389754,
            0.9926470588235294,
            1.0
        ]
    ],
    "Train_times": [
        21.3437136,
        21.166428399999994,
        20.2281171,
        20.457465400000004,
        20.612614100000002,
        21.277941700000014,
        21.09612580000001,
        20.900865100000004,
        20.643267699999996,
        25.13587480000001
    ],
    "Test_times": [
        0.8085684999999998,
        0.7792750999999996,
        0.7526431000000002,
        0.7458954000000091,
        0.7907247999999925,
        0.7423253999999986,
        0.7573678000000257,
        0.7604417999999953,
        0.753251199999994,
        0.884406800000022
    ],
    "OA_mean": 0.9503124999999999,
    "OA_std": 0.01240107357081977,
    "AA_mean": 0.9580630330998888,
    "AA_std": 0.010015271744310505,
    "Kappa_mean": 0.9462752575168849,
    "Kappa_std": 0.013405422014189641,
    "Train_time_mean": 21.286241370000003,
    "Test_time_mean": 0.7774899900000036,
    "Avg_EachAcc": [
        0.9524776604386679,
        0.9797406807131281,
        0.9988183161004432,
        0.9926470588235293,
        0.9979541734860884,
        0.9754098360655737,
        0.9431891025641026,
        0.8721799477619682,
        0.8672077922077921,
        0.9782932891466446,
        0.9455933372032497,
        0.8870568837592746,
        0.9830734966592429,
        0.9973039215686275,
        1.0
    ],
    "Std_EachAcc": [
        0.040786407051907746,
        0.029130618701771582,
        0.0017225854933073175,
        0.016747369649942247,
        0.004803119669665866,
        0.04237633572662572,
        0.032481981963616076,
        0.03869841823893477,
        0.04362052559281883,
        0.0234329445997031,
        0.023523019636767593,
        0.057306338654518604,
        0.014712823665847391,
        0.004166666666666615,
        0.0
    ]
}