{
    "dataset": "Houston",
    "train_num": 20,
    "num_experiments": 10,
    "seeds": [
        1,
        2,
        3,
        4,
        5,
        6,
        7,
        8,
        9,
        10
    ],
    "OAs": [
        0.9609375,
        0.9394021739130435,
        0.943953804347826,
        0.9468070652173914,
        0.944429347826087,
        0.9545516304347826,
        0.9480978260869564,
        0.9565896739130434,
        0.9319972826086956,
        0.920991847826087
    ],
    "AAs": [
        0.9682343007922121,
        0.9456585514224741,
        0.952345841447579,
        0.9559706584285208,
        0.954515237104298,
        0.9618878217387968,
        0.956493887684076,
        0.9573773292019129,
        0.9426794015523963,
        0.9342402007759952
    ],
    "Kappas": [
        0.9577698417056602,
        0.9344717244920254,
        0.9393932600574025,
        0.9424810921741575,
        0.9399111489492088,
        0.9508554623810119,
        0.9438735826071827,
        0.9530511492148368,
        0.9264622312449786,
        0.91457510862428
    ],
    "EachAccs": [
        [
            1.0,
            0.9675850891410049,
            1.0,
            0.9411764705882352,
            1.0,
            0.99672131147541,
            0.9927884615384616,
            0.9056603773584907,
            0.9099025974025975,
            0.9685169842584921,
            0.8670520231213872,
            0.9785655399835119,
            0.9955456570155902,
            1.0,
            1.0
        ],
        [
            0.9634443541835905,
            0.993517017828201,
            0.9985228951255539,
            0.9869281045751634,
            1.0,
            0.921311475409836,
            0.8701923076923077,
            0.822805578342904,
            0.8376623376623377,
            0.9867439933719967,
            0.9900908340214698,
            0.8582028029678483,
            0.9554565701559021,
            1.0,
            1.0
        ],
        [
            0.8554021121039805,
            0.9910858995137763,
            0.9955686853766618,
            1.0,
            1.0,
            0.9868852459016394,
            0.9647435897435898,
            0.8408531583264971,
            0.9180194805194806,
            0.9859154929577465,
            0.8976052848885219,
            0.8936521022258862,
            0.9554565701559021,
            1.0,
            1.0
        ],
        [
            0.9805036555645816,
            0.9878444084278768,
            1.0,
            1.0,
            1.0,
            1.0,
            0.9647435897435898,
            0.8031173092698932,
            0.8465909090909091,
            0.9809444904722452,
            0.9430222956234517,
            0.8639736191261336,
            0.9688195991091314,
            1.0,
            1.0
        ],
        [
            0.8968318440292445,
            0.9967585089141004,
            0.9985228951255539,
            0.9983660130718954,
            1.0,
            1.0,
            0.9358974358974359,
            0.8498769483182936,
            0.8319805194805194,
            1.0,
            0.9661436829066887,
            0.8656224237427865,
            0.977728285077951,
            1.0,
            1.0
        ],
        [
            1.0,
            0.9902755267423015,
            1.0,
            0.9428104575163399,
            1.0,
            0.9836065573770492,
            0.938301282051282,
            0.8932676518883416,
            0.9488636363636364,
            0.9312344656172329,
            0.9612211221122112,
            0.8565539983511954,
            0.9821826280623608,
            1.0,
            1.0
        ],
        [
            0.9317627944760357,
            1.0,
            1.0,
            0.9656862745098038,
            0.9959083469721768,
            0.9737704918032787,
            0.9791666666666665,
            0.7678424938474159,
            0.8555194805194806,
            0.9933719966859982,
            0.9810074318744839,
            0.9167353668590272,
            0.9866369710467705,
            1.0,
            1.0
        ],
        [
            0.9772542648253453,
            0.9878444084278768,
            1.0,
            1.0,
            1.0,
            0.8688524590163934,
            0.952724358974359,
            0.8310090237899918,
            0.9172077922077922,
            0.9676884838442419,
            0.9851362510322048,
            0.9018961253091509,
            0.9710467706013363,
            1.0,
            1.0
        ],
        [
            0.9935012185215271,
            0.979740680713128,
            0.9985228951255539,
            0.9428104575163399,
            1.0,
            0.9770491803278688,
            0.8701923076923077,
            0.8087027914614121,
            0.8790584415584416,
            0.9958574979287491,
            0.9364686468646864,
            0.7963726298433635,
            0.9643652561247216,
            0.9975490196078431,
            1.0
        ],
        [
            0.9650690495532088,
            0.8938411669367909,
            0.9926144756277696,
            1.0,
            1.0,
            0.9934426229508196,
            0.9262820512820514,
            0.8465955701394585,
            0.7913961038961039,
            0.9378624689312345,
            0.9397192402972749,
            0.7699917559769167,
            0.9665924276169265,
            0.9901960784313727,
            1.0
        ]
    ],
    "Train_times": [
        19.2664193,
        17.1434718,
        16.613084599999993,
        16.93503360000001,
        16.745388300000002,
        16.796436400000005,
        16.935784299999995,
        16.720209699999998,
        16.688578799999988,
        17.00115919999999
    ],
    "Test_times": [
        0.6801521999999984,
        0.6224379999999954,
        0.63589979999999,
        0.6344880999999987,
        0.632311300000012,
        0.630663300000009,
        0.6290778999999986,
        0.6270735999999886,
        0.6369420000000048,
        0.6635078000000192
    ],
    "OA_mean": 0.9447758152173913,
    "OA_std": 0.01127002826585039,
    "AA_mean": 0.9529403230148261,
    "AA_std": 0.009307525500392039,
    "Kappa_mean": 0.9402844601450745,
    "Kappa_std": 0.012185755047261247,
    "Train_time_mean": 17.084556599999996,
    "Test_time_mean": 0.6392554000000015,
    "Avg_EachAcc": [
        0.9563769293257515,
        0.9788492706645059,
        0.9983751846381093,
        0.9777777777777776,
        0.9995908346972178,
        0.9701639344262295,
        0.9395032051282053,
        0.8369730902742699,
        0.8736201298701299,
        0.9748135874067938,
        0.9467466812742382,
        0.8701566364385819,
        0.9723830734966594,
        0.9987745098039216,
        1.0
    ],
    "Std_EachAcc": [
        0.045469778395618665,
        0.029630070013294717,
        0.0023308321769659407,
        0.025326270287578542,
        0.001227495908346965,
        0.04024782139590127,
        0.03957108512360962,
        0.03888692482268082,
        0.046609642032448446,
        0.02253825701918633,
        0.037479375833240514,
        0.055986871813224134,
        0.012448274933168873,
        0.0029513712202921863,
        0.0
    ]
}