{
    "dataset": "Trento",
    "train_num": 20,
    "num_experiments": 10,
    "seeds": [
        1,
        2,
        3,
        4,
        5,
        6,
        7,
        8,
        9,
        10
    ],
    "OAs": [
        0.9950132978723404,
        0.9946476063829788,
        0.9946808510638298,
        0.9928191489361702,
        0.9954454787234043,
        0.9933843085106383,
        0.991688829787234,
        0.9857047872340425,
        0.994248670212766,
        0.9940824468085107
    ],
    "AAs": [
        0.9886235731633838,
        0.9886415431502175,
        0.9879137653572257,
        0.9856274066227144,
        0.9928998250040039,
        0.9888249632108246,
        0.9835106407584636,
        0.973927794323657,
        0.9910373817509143,
        0.9905657443032154
    ],
    "Kappas": [
        0.993340824256657,
        0.9928515915854106,
        0.9928967767097907,
        0.990412697014404,
        0.9939197495137932,
        0.9911668647486089,
        0.9889037330642598,
        0.9809150260821362,
        0.9923223570543249,
        0.9920981792724751
    ],
    "EachAccs": [
        [
            0.9990034877927255,
            0.9732546022924626,
            0.9782135076252723,
            1.0,
            1.0,
            0.9812698412698413
        ],
        [
            0.9890383657199799,
            0.9833275442862104,
            0.9782135076252723,
            1.0,
            1.0,
            0.9812698412698413
        ],
        [
            0.9990034877927255,
            0.9822855158040986,
            0.9760348583877996,
            1.0,
            1.0,
            0.9701587301587301
        ],
        [
            0.9957648231190832,
            0.9902744008336228,
            0.9782135076252723,
            0.9996704383170383,
            1.0,
            0.9498412698412699
        ],
        [
            0.9930244145490782,
            0.978464744703022,
            1.0,
            0.9995605844227178,
            1.0,
            0.9863492063492063
        ],
        [
            0.9975087194818137,
            0.954150746787079,
            0.9956427015250546,
            1.0,
            0.9986634844868735,
            0.986984126984127
        ],
        [
            0.9887892376681614,
            0.9531087183049671,
            0.9782135076252723,
            1.0,
            1.0,
            0.9809523809523809
        ],
        [
            0.9890383657199799,
            0.9930531434525877,
            0.9738562091503268,
            1.0,
            1.0,
            0.8876190476190476
        ],
        [
            0.9927752864972595,
            0.9902744008336228,
            1.0,
            1.0,
            1.0,
            0.9631746031746031
        ],
        [
            0.9950174389636273,
            0.9829802014588399,
            1.0,
            1.0,
            1.0,
            0.9653968253968253
        ]
    ],
    "Train_times": [
        5.3924848,
        4.4290655999999995,
        4.5145123,
        4.216158499999999,
        4.3562094999999985,
        4.291554600000005,
        4.2846977999999964,
        4.267499000000001,
        4.262261200000005,
        4.276962699999999
    ],
    "Test_times": [
        1.3720849000000008,
        1.3001089000000015,
        1.3252141000000002,
        1.3516793000000007,
        1.3225243000000049,
        1.2880778000000035,
        1.2834603000000016,
        1.2866187999999994,
        1.2884479999999954,
        1.3992540999999932
    ],
    "OA_mean": 0.9931715425531914,
    "OA_std": 0.0027042540244108654,
    "AA_mean": 0.9871572637644619,
    "AA_std": 0.005079506996949255,
    "Kappa_mean": 0.990882779930186,
    "Kappa_std": 0.003610007919476789,
    "Train_time_mean": 4.4291406,
    "Test_time_mean": 1.3217470500000001,
    "Avg_EachAcc": [
        0.9938963627304434,
        0.9781174018756513,
        0.985838779956427,
        0.9999231022739756,
        0.9998663484486873,
        0.9653015873015873
    ],
    "Std_EachAcc": [
        0.0038113335213282697,
        0.0134552200952847,
        0.010816724694820435,
        0.00015574477511544365,
        0.0004009546539379572,
        0.028230791278596328
    ]
}