{
    "dataset": "Muufl",
    "train_num": 20,
    "num_experiments": 10,
    "seeds": [
        1,
        2,
        3,
        4,
        5,
        6,
        7,
        8,
        9,
        10
    ],
    "OAs": [
        0.8438435628742514,
        0.8527133233532935,
        0.8546968562874252,
        0.8364146706586826,
        0.8525261976047903,
        0.8568488023952096,
        0.8380052395209581,
        0.8226609281437126,
        0.8290044910179639,
        0.8464446107784431
    ],
    "AAs": [
        0.8507336791054295,
        0.8552828370583943,
        0.8695488388644261,
        0.8569337386705829,
        0.8465532216351987,
        0.8595666446975732,
        0.8534004182630164,
        0.846828863482381,
        0.8646308234644464,
        0.8660461619709203
    ],
    "Kappas": [
        0.7987196500997737,
        0.8099930406048407,
        0.8124120894137746,
        0.7906652400833398,
        0.8099507237442102,
        0.8152970728765649,
        0.7912140181563803,
        0.7746050076559086,
        0.783003736244687,
        0.8020949606561888
    ],
    "EachAccs": [
        [
            0.8879273228278654,
            0.7790588235294118,
            0.6546196444185368,
            0.8926363125351321,
            0.8359082045897704,
            0.9932735426008967,
            0.8323542702214187,
            0.9282958199356913,
            0.7904761904761906,
            0.803680981595092,
            0.9598393574297188
        ],
        [
            0.8903814690433136,
            0.8296470588235294,
            0.6649664820751967,
            0.8785834738617201,
            0.8645567721613919,
            1.0,
            0.8147311342069589,
            0.9411575562700965,
            0.7296703296703296,
            0.8466257668711656,
            0.9477911646586346
        ],
        [
            0.8938258847842934,
            0.828,
            0.6948411541824541,
            0.9021922428330523,
            0.8041097945102745,
            1.0,
            0.816086760054225,
            0.962540192926045,
            0.7545787545787546,
            0.9570552147239265,
            0.9518072289156626
        ],
        [
            0.8633858606733833,
            0.7614117647058823,
            0.691635091809968,
            0.9201798763350196,
            0.8081595920203991,
            0.9932735426008967,
            0.94713059195662,
            0.9340836012861736,
            0.6637362637362636,
            0.8834355828220859,
            0.9598393574297188
        ],
        [
            0.890467579436838,
            0.7924705882352941,
            0.701544739143107,
            0.8038223721191681,
            0.8566071696415178,
            1.0,
            0.9249887031179395,
            0.9231511254019292,
            0.6989010989010989,
            0.7361963190184049,
            0.9839357429718877
        ],
        [
            0.8940842159648671,
            0.8376470588235294,
            0.6910521713786069,
            0.852726250702642,
            0.8773061346932652,
            0.9977578475336323,
            0.8816086760054225,
            0.9167202572347267,
            0.6351648351648351,
            0.8711656441717791,
            1.0
        ],
        [
            0.8912856281753208,
            0.8089411764705884,
            0.6180413873506266,
            0.894884766722878,
            0.8666566671666416,
            0.9977578475336323,
            0.8495255309534567,
            0.8591639871382637,
            0.7113553113553114,
            0.901840490797546,
            0.9879518072289156
        ],
        [
            0.8274778265736674,
            0.8235294117647058,
            0.6767706208102594,
            0.8431703204047217,
            0.8150592470376481,
            0.9887892376681614,
            0.8843199276999549,
            0.9631832797427653,
            0.6556776556776556,
            0.8773006134969326,
            0.9598393574297188
        ],
        [
            0.8332902781365711,
            0.7891764705882351,
            0.725007286505392,
            0.8538504777965149,
            0.8015599220038997,
            0.9977578475336323,
            0.9444193402620875,
            0.940032154340836,
            0.7157509157509158,
            0.9141104294478528,
            0.9959839357429717
        ],
        [
            0.8948161543098252,
            0.7451764705882353,
            0.6731273681142524,
            0.9685216413715572,
            0.8168591570421477,
            0.9977578475336323,
            0.9055580659737912,
            0.9188102893890675,
            0.6835164835164835,
            0.9263803680981595,
            0.9959839357429717
        ]
    ],
    "Train_times": [
        16.4092477,
        17.208565500000002,
        15.499221599999998,
        15.382161199999999,
        15.723937200000009,
        15.690322699999996,
        15.662656800000008,
        15.561129499999993,
        15.46518309999999,
        15.477075900000017
    ],
    "Test_times": [
        2.9044348000000006,
        2.947513300000004,
        2.7391989999999993,
        2.811349100000001,
        2.788090800000006,
        2.9177224000000024,
        2.768794100000008,
        2.7551697000000104,
        2.759408399999984,
        2.805472000000009
    ],
    "OA_mean": 0.8433158682634729,
    "OA_std": 0.010968812108512789,
    "AA_mean": 0.856952522721237,
    "AA_std": 0.007562175584503944,
    "Kappa_mean": 0.7987955539535669,
    "Kappa_std": 0.01294824025284939,
    "Train_time_mean": 15.807950120000001,
    "Test_time_mean": 2.8197153600000027,
    "Avg_EachAcc": [
        0.8766942219925944,
        0.7995058823529412,
        0.6791605945788401,
        0.8810567734682406,
        0.8346782660866957,
        0.9966367713004486,
        0.8800723000451877,
        0.9287138263665595,
        0.7038827838827839,
        0.8717791411042946,
        0.9742971887550201
    ],
    "Std_EachAcc": [
        0.024746143918689883,
        0.029695842217096632,
        0.027797971276422674,
        0.04347663949268499,
        0.027661870511211512,
        0.0035095237315019433,
        0.04785237629808997,
        0.027846680212672448,
        0.044752011760240615,
        0.06063696423588309,
        0.019277108433734924
    ]
}