{
    "dataset": "Muufl",
    "train_num": 20,
    "num_experiments": 10,
    "seeds": [
        1,
        2,
        3,
        4,
        5,
        6,
        7,
        8,
        9,
        10
    ],
    "OAs": [
        0.8529940119760479,
        0.8623877245508982,
        0.8637537425149701,
        0.8401946107784432,
        0.8534056886227545,
        0.8679453592814371,
        0.8572791916167666,
        0.837556137724551,
        0.8367327844311377,
        0.8519086826347305
    ],
    "AAs": [
        0.8592299262093303,
        0.8616843620263765,
        0.8638323949318131,
        0.8551286240132489,
        0.8435260664249354,
        0.8622797132786253,
        0.8629786337573438,
        0.8461721852339206,
        0.8692035052351167,
        0.8606572183345154
    ],
    "Kappas": [
        0.8104905865640629,
        0.8218484074608134,
        0.8227555145325095,
        0.7950883786521876,
        0.811041577363204,
        0.8287968505542024,
        0.8156267183376242,
        0.7917425322249113,
        0.7920788779811325,
        0.8087409304270489
    ],
    "EachAccs": [
        [
            0.8851717902350813,
            0.8054117647058824,
            0.6974642961235792,
            0.8499156829679595,
            0.8410079496025199,
            0.9977578475336323,
            0.851333032083145,
            0.9541800643086816,
            0.7750915750915752,
            0.834355828220859,
            0.9598393574297188
        ],
        [
            0.903599414449324,
            0.8188235294117647,
            0.6860973477120373,
            0.8870151770657673,
            0.8594570271486426,
            1.0,
            0.8314505196565747,
            0.9588424437299036,
            0.7142857142857143,
            0.8711656441717791,
            0.9477911646586346
        ],
        [
            0.9095840867992767,
            0.7957647058823529,
            0.7350626639463713,
            0.8892636312535133,
            0.8117594120293985,
            1.0,
            0.763669227293267,
            0.9744372990353698,
            0.7545787545787546,
            0.9202453987730062,
            0.9477911646586346
        ],
        [
            0.8702746921553431,
            0.7421176470588235,
            0.7139317983095307,
            0.9156829679595279,
            0.7961601919904004,
            0.9551569506726457,
            0.9502937189335742,
            0.9406752411575563,
            0.684981684981685,
            0.8773006134969326,
            0.9598393574297188
        ],
        [
            0.8849565142512701,
            0.736,
            0.7483241037598368,
            0.7892074198988196,
            0.863956802159892,
            1.0,
            0.8820605512878446,
            0.9546623794212219,
            0.6747252747252748,
            0.7730061349693251,
            0.9718875502008032
        ],
        [
            0.909799362783088,
            0.8574117647058823,
            0.6754590498396967,
            0.8431703204047217,
            0.8984550772461377,
            0.9977578475336323,
            0.8730230456394036,
            0.9418006430868168,
            0.6293040293040293,
            0.8588957055214724,
            1.0
        ],
        [
            0.8980452940669938,
            0.8037647058823529,
            0.6616146895948704,
            0.898257448004497,
            0.8530073496325185,
            1.0,
            0.8065973791233619,
            0.9816720257234727,
            0.726007326007326,
            0.9079754601226994,
            0.9558232931726907
        ],
        [
            0.8648497373632997,
            0.7861176470588235,
            0.6929466627805304,
            0.8313659359190556,
            0.8050097495125244,
            1.0,
            0.8825124265702666,
            0.9731511254019293,
            0.6593406593406592,
            0.852760736196319,
            0.9598393574297188
        ],
        [
            0.8444415740979936,
            0.7757647058823529,
            0.728650539201399,
            0.8780213603147835,
            0.8143092845357732,
            1.0,
            0.9408043380027112,
            0.9466237942122188,
            0.7347985347985349,
            0.901840490797546,
            0.9959839357429717
        ],
        [
            0.8936536639972446,
            0.6776470588235294,
            0.727630428446517,
            0.9488476672287802,
            0.8362081895905205,
            1.0,
            0.8906461816538634,
            0.9461414790996785,
            0.6915750915750916,
            0.8588957055214724,
            0.9959839357429717
        ]
    ],
    "Train_times": [
        23.1608285,
        20.690185,
        20.504822299999994,
        23.6068901,
        20.302875299999982,
        22.04110800000001,
        20.1809729,
        20.455267600000013,
        20.463885199999993,
        20.33470940000001
    ],
    "Test_times": [
        3.647687600000001,
        3.9308739000000017,
        3.9029713999999984,
        4.3165096999999975,
        3.752245799999997,
        4.812864399999995,
        3.695779799999997,
        3.595831699999991,
        3.605728499999998,
        3.7791756000000305
    ],
    "OA_mean": 0.8524157934131736,
    "OA_std": 0.010538042475120232,
    "AA_mean": 0.8584692629445225,
    "AA_std": 0.007617222784928623,
    "Kappa_mean": 0.8098210374097696,
    "Kappa_std": 0.012520056686099542,
    "Train_time_mean": 21.174154429999998,
    "Test_time_mean": 3.903966840000001,
    "Avg_EachAcc": [
        0.8864376130198914,
        0.7798823529411765,
        0.7067181579714369,
        0.8730747611017426,
        0.8379331033448327,
        0.9950672645739911,
        0.8672390420244012,
        0.9572186495176849,
        0.7044688644688646,
        0.8656441717791411,
        0.9694779116465864
    ],
    "Std_EachAcc": [
        0.020143503448935864,
        0.04781350737907933,
        0.026864130935340826,
        0.0434465411327599,
        0.03019131449894315,
        0.013332797082796872,
        0.054113003717235736,
        0.013831310340254643,
        0.042539065726327596,
        0.04008440791145922,
        0.019360595651717154
    ]
}