{
    "dataset": "Trento",
    "train_num": 20,
    "num_experiments": 10,
    "seeds": [
        1,
        2,
        3,
        4,
        5,
        6,
        7,
        8,
        9,
        10
    ],
    "OAs": [
        0.9955452127659573,
        0.9956781914893617,
        0.9936502659574468,
        0.9932513297872341,
        0.9955784574468085,
        0.9888962765957445,
        0.9933510638297872,
        0.9932180851063831,
        0.994248670212766,
        0.9954122340425532
    ],
    "AAs": [
        0.9887813666001192,
        0.9902809216301195,
        0.9869079606072885,
        0.9861851041330797,
        0.9932016025618231,
        0.9824469898064718,
        0.9889529040599595,
        0.9859763732379965,
        0.9907690673901538,
        0.991303261400689
    ],
    "Kappas": [
        0.9940512141328768,
        0.9942295684896876,
        0.9915221446240071,
        0.9909897892753169,
        0.9940981874178485,
        0.9851895143055007,
        0.9911260676860987,
        0.9909440073754675,
        0.9923229901721959,
        0.993874431910314
    ],
    "EachAccs": [
        [
            0.9992526158445441,
            0.9836748871135811,
            0.971677559912854,
            0.9996704383170383,
            1.0,
            0.9784126984126984
        ],
        [
            0.9957648231190832,
            0.989232372351511,
            0.9782135076252723,
            1.0,
            0.9994272076372315,
            0.9790476190476192
        ],
        [
            0.9980069755854509,
            0.9812434873219869,
            0.9782135076252723,
            0.9998901461056795,
            0.9993317422434367,
            0.9647619047619047
        ],
        [
            0.996013951170902,
            0.989232372351511,
            0.9782135076252723,
            1.0,
            1.0,
            0.9536507936507936
        ],
        [
            0.9950174389636273,
            0.9881903438693991,
            1.0,
            0.9997802922113589,
            0.9997136038186157,
            0.9765079365079365
        ],
        [
            0.9997508719481814,
            0.9753386592566864,
            0.9912854030501088,
            1.0,
            0.9956085918854414,
            0.9326984126984127
        ],
        [
            0.9962630792227205,
            0.990969086488364,
            0.9847494553376905,
            1.0,
            0.9957040572792363,
            0.9660317460317461
        ],
        [
            0.9962630792227205,
            0.9791594303577631,
            0.9782135076252723,
            1.0,
            1.0,
            0.9622222222222221
        ],
        [
            0.9970104633781763,
            0.9850642584230636,
            1.0,
            1.0,
            1.0,
            0.9625396825396826
        ],
        [
            0.9982561036372695,
            0.9836748871135811,
            0.9912854030501088,
            1.0,
            1.0,
            0.9746031746031746
        ]
    ],
    "Train_times": [
        7.884072400000001,
        6.387479200000001,
        6.432981399999999,
        6.3900257000000025,
        6.355899100000002,
        6.418731000000001,
        6.325232700000001,
        6.416486599999999,
        6.424592200000006,
        6.365364999999997
    ],
    "Test_times": [
        1.8958877999999988,
        1.8575312000000004,
        1.8706208999999987,
        1.8666891999999962,
        1.8759170000000012,
        1.870239599999998,
        1.9058096999999918,
        1.8869136999999938,
        1.8954181999999946,
        1.8992945999999904
    ],
    "OA_mean": 0.9938829787234041,
    "OA_std": 0.0019333432644346878,
    "AA_mean": 0.9884805551427702,
    "AA_std": 0.0029910726298365167,
    "Kappa_mean": 0.9918347915389314,
    "Kappa_std": 0.002577521867359191,
    "Train_time_mean": 6.540086530000001,
    "Test_time_mean": 1.8824321899999965,
    "Avg_EachAcc": [
        0.9971599402092675,
        0.9845779784647446,
        0.9851851851851849,
        0.9999340876634075,
        0.998978520286396,
        0.965047619047619
    ],
    "Std_EachAcc": [
        0.0014997425952458599,
        0.004742724331698023,
        0.009436343280046947,
        0.00011202943015694494,
        0.0016781556342728378,
        0.013375179985979436
    ]
}