{
    "dataset": "Muufl",
    "train_num": 20,
    "num_experiments": 10,
    "seeds": [
        1,
        2,
        3,
        4,
        5,
        6,
        7,
        8,
        9,
        10
    ],
    "OAs": [
        0.8474550898203593,
        0.8554079341317365,
        0.8644461077844311,
        0.8407934131736527,
        0.8531998502994012,
        0.8693113772455089,
        0.8485404191616766,
        0.8418413173652695,
        0.8417664670658682,
        0.8484281437125748
    ],
    "AAs": [
        0.8583387413085455,
        0.8523212371399235,
        0.8654033101251399,
        0.8590334429106768,
        0.8467280436881386,
        0.8606260460944973,
        0.8600976080927574,
        0.8518570653815083,
        0.8669847397114012,
        0.8631341071712761
    ],
    "Kappas": [
        0.8036783848891357,
        0.8132796414395791,
        0.8236873747468704,
        0.7960233500886632,
        0.8108816431369182,
        0.8304726945954399,
        0.8050689076667004,
        0.796662654676206,
        0.7978587360039779,
        0.804516371181504
    ],
    "EachAccs": [
        [
            0.8789718419013175,
            0.7931764705882353,
            0.7016904692509471,
            0.8628442945474986,
            0.8177591120443978,
            0.9955156950672646,
            0.8590149118843199,
            0.9519292604501608,
            0.7743589743589745,
            0.8466257668711656,
            0.9598393574297188
        ],
        [
            0.893050891242573,
            0.8077647058823529,
            0.7048965316234334,
            0.8712759977515457,
            0.8455077246137693,
            1.0,
            0.8079530049706282,
            0.9583601286173633,
            0.6923076923076923,
            0.8466257668711656,
            0.9477911646586346
        ],
        [
            0.9074313269611642,
            0.8030588235294117,
            0.7426406295540658,
            0.8870151770657673,
            0.815959202039898,
            1.0,
            0.7532760957975598,
            0.9744372990353698,
            0.7553113553113553,
            0.9325153374233127,
            0.9477911646586346
        ],
        [
            0.8661844484629296,
            0.7303529411764705,
            0.7417662489070241,
            0.9364811691961776,
            0.7877606119694015,
            0.9618834080717488,
            0.9489380930863082,
            0.9471061093247587,
            0.6549450549450548,
            0.9141104294478528,
            0.9598393574297188
        ],
        [
            0.8815982089038147,
            0.7395294117647059,
            0.768726318857476,
            0.7959527824620574,
            0.847457627118644,
            1.0,
            0.8870311793944872,
            0.9520900321543408,
            0.6827838827838828,
            0.7668711656441718,
            0.9919678714859438
        ],
        [
            0.9116507362438646,
            0.8682352941176471,
            0.6962984552608569,
            0.850477796514896,
            0.8872056397180141,
            1.0,
            0.8481699051061908,
            0.9369774919614148,
            0.6212454212454213,
            0.8466257668711656,
            1.0
        ],
        [
            0.8844398518901231,
            0.7983529411764707,
            0.6805596036141067,
            0.9033164699269253,
            0.8374081295935203,
            1.0,
            0.8219611387257117,
            0.9467845659163987,
            0.7428571428571429,
            0.8895705521472392,
            0.9558232931726907
        ],
        [
            0.8736760526995608,
            0.7734117647058824,
            0.7216554940250656,
            0.8414839797639124,
            0.8014099295035249,
            1.0,
            0.868956168097605,
            0.9556270096463022,
            0.6725274725274726,
            0.901840490797546,
            0.9598393574297188
        ],
        [
            0.8564970291914235,
            0.7830588235294118,
            0.7338968230836491,
            0.883080382237212,
            0.8053097345132744,
            1.0,
            0.9349299593312246,
            0.9519292604501608,
            0.7040293040293041,
            0.9202453987730062,
            0.963855421686747
        ],
        [
            0.89184534573323,
            0.7075294117647059,
            0.6977557563392597,
            0.952220348510399,
            0.8255587220638968,
            0.9977578475336323,
            0.8811568007230004,
            0.9475884244372991,
            0.6952380952380952,
            0.901840490797546,
            0.9959839357429717
        ]
    ],
    "Train_times": [
        22.5791224,
        19.0200296,
        20.1797423,
        21.786254799999995,
        18.76975060000001,
        20.569342699999993,
        19.11305089999999,
        19.230095000000006,
        18.9393039,
        18.833741600000025
    ],
    "Test_times": [
        3.4615143000000046,
        3.5196603999999994,
        4.047015299999998,
        3.5372208,
        3.6161882000000105,
        3.579223899999988,
        3.6514761999999905,
        3.465588099999991,
        3.43351770000001,
        3.4242098
    ],
    "OA_mean": 0.8511190119760478,
    "OA_std": 0.00915847323990886,
    "AA_mean": 0.8584524341623865,
    "AA_std": 0.006077552619215774,
    "Kappa_mean": 0.8082129758424996,
    "Kappa_std": 0.010959309874884329,
    "Train_time_mean": 19.902043380000002,
    "Test_time_mean": 3.573561469999999,
    "Avg_EachAcc": [
        0.8845345733230001,
        0.7804470588235295,
        0.7189886330515884,
        0.8784148397976391,
        0.8271336433178341,
        0.9955156950672646,
        0.8611387257117036,
        0.9522829581993569,
        0.6995604395604396,
        0.8766871165644172,
        0.9682730923694779
    ],
    "Std_EachAcc": [
        0.01632738896860391,
        0.04359352353409447,
        0.02592628725467282,
        0.04332728776651123,
        0.027144685294988022,
        0.01130009252767192,
        0.05518766347532835,
        0.00923333606489857,
        0.044502645411450756,
        0.047556895647321434,
        0.01887550200803212
    ]
}