{
    "dataset": "Trento",
    "train_num": 20,
    "num_experiments": 10,
    "seeds": [
        1,
        2,
        3,
        4,
        5,
        6,
        7,
        8,
        9,
        10
    ],
    "OAs": [
        0.9959773936170212,
        0.995844414893617,
        0.9935172872340425,
        0.9938497340425532,
        0.996376329787234,
        0.9933178191489361,
        0.9949135638297872,
        0.9950132978723404,
        0.9938164893617021,
        0.9952460106382979
    ],
    "AAs": [
        0.9893355115664697,
        0.9903476599242295,
        0.9869349239633194,
        0.9870962138646101,
        0.9942293090842856,
        0.9863165071907936,
        0.9896445433733122,
        0.9887147327911017,
        0.9900527820667162,
        0.991068593646049
    ],
    "Kappas": [
        0.9946277089284881,
        0.9944513087772511,
        0.9913451006843179,
        0.9917882608611521,
        0.9951622260152816,
        0.9910798796213371,
        0.9932087467989754,
        0.993341672750482,
        0.9917458568490973,
        0.9936523950353763
    ],
    "EachAccs": [
        [
            0.9992526158445441,
            0.9815908301493574,
            0.971677559912854,
            1.0,
            1.0,
            0.9834920634920635
        ],
        [
            0.9965122072745392,
            0.9829802014588399,
            0.9782135076252723,
            1.0,
            0.9996181384248211,
            0.9847619047619047
        ],
        [
            0.9992526158445441,
            0.978464744703022,
            0.9782135076252723,
            1.0,
            0.9983770883054892,
            0.9673015873015873
        ],
        [
            0.9962630792227205,
            0.9871483153872872,
            0.9782135076252723,
            1.0,
            1.0,
            0.960952380952381
        ],
        [
            0.9970104633781763,
            0.9850642584230636,
            1.0,
            1.0,
            0.9998090692124105,
            0.9834920634920635
        ],
        [
            1.0,
            0.971170545328239,
            0.9760348583877996,
            1.0,
            0.9979952267303102,
            0.9726984126984128
        ],
        [
            0.9957648231190832,
            0.986453629732546,
            0.9825708061002179,
            1.0,
            0.9994272076372315,
            0.9736507936507937
        ],
        [
            0.9950174389636273,
            0.9885376866967697,
            0.9760348583877996,
            1.0,
            1.0,
            0.9726984126984128
        ],
        [
            0.9967613353263577,
            0.9822855158040986,
            1.0,
            1.0,
            1.0,
            0.9612698412698413
        ],
        [
            0.9982561036372695,
            0.9857589440778048,
            0.9912854030501088,
            1.0,
            1.0,
            0.9711111111111111
        ]
    ],
    "Train_times": [
        9.632941400000004,
        7.1108170999999984,
        7.140787800000005,
        7.133098800000006,
        7.1914687999999956,
        7.156747300000006,
        7.3001614000000075,
        7.098979100000008,
        7.127367800000002,
        7.171067499999992
    ],
    "Test_times": [
        2.021129099999996,
        1.973154799999996,
        1.9807917000000046,
        2.003772500000011,
        1.9862401999999975,
        1.983577799999992,
        2.0332782000000122,
        1.993161999999998,
        2.0051500000000004,
        2.0234537999999986
    ],
    "OA_mean": 0.9947872340425532,
    "OA_std": 0.0010454698942021724,
    "AA_mean": 0.9893740777470885,
    "AA_std": 0.0022101901458833105,
    "Kappa_mean": 0.9930403156321759,
    "Kappa_std": 0.001395255422345679,
    "Train_time_mean": 7.4063437000000025,
    "Test_time_mean": 2.0003710100000007,
    "Avg_EachAcc": [
        0.9974090682610861,
        0.9829454671761029,
        0.9832244008714595,
        1.0,
        0.9995226730310265,
        0.9731428571428573
    ],
    "Std_EachAcc": [
        0.0015920822430164794,
        0.0048440316634259396,
        0.009696824873319345,
        0.0,
        0.0006989214402949492,
        0.008232205742585572
    ]
}