{
    "dataset": "Houston",
    "train_num": 20,
    "num_experiments": 10,
    "seeds": [
        1,
        2,
        3,
        4,
        5,
        6,
        7,
        8,
        9,
        10
    ],
    "OAs": [
        0.9661684782608695,
        0.9468070652173914,
        0.9474864130434782,
        0.9515625,
        0.9512907608695652,
        0.9582201086956522,
        0.9485733695652175,
        0.9556385869565217,
        0.947758152173913,
        0.9269701086956522
    ],
    "AAs": [
        0.9724284543297709,
        0.9512052183172862,
        0.9558099201906723,
        0.9596633177254877,
        0.9607179026334961,
        0.9663852042867324,
        0.957521708634739,
        0.9568658574978415,
        0.9562994718815255,
        0.9398708848689636
    ],
    "Kappas": [
        0.9634185847907323,
        0.9424749602152613,
        0.9432146132500876,
        0.9476248739989763,
        0.9473268907610458,
        0.954827770095385,
        0.9443876400444008,
        0.9520230905048668,
        0.9435088701590879,
        0.9210423294696316
    ],
    "EachAccs": [
        [
            0.9805036555645816,
            0.9927066450567261,
            1.0,
            0.9983660130718954,
            1.0,
            1.0,
            0.9935897435897436,
            0.8794093519278097,
            0.8896103896103896,
            0.9511184755592378,
            0.9339388934764657,
            0.9760923330585327,
            0.9910913140311804,
            1.0,
            1.0
        ],
        [
            0.9488220958570268,
            0.9918962722852512,
            0.9985228951255539,
            0.9991830065359477,
            1.0,
            0.9147540983606557,
            0.9126602564102564,
            0.8728465955701394,
            0.8612012987012987,
            0.9859154929577465,
            0.9661436829066887,
            0.8606760098928277,
            0.9554565701559021,
            1.0,
            1.0
        ],
        [
            0.8554021121039805,
            0.9918962722852512,
            0.9955686853766618,
            1.0,
            0.9967266775777414,
            1.0,
            0.9743589743589743,
            0.8465955701394585,
            0.9318181818181818,
            0.9395194697597349,
            0.9075144508670521,
            0.9422918384171476,
            0.9554565701559021,
            1.0,
            1.0
        ],
        [
            0.9772542648253453,
            0.9910858995137763,
            1.0,
            0.9983660130718954,
            0.9959083469721768,
            1.0,
            0.9799679487179486,
            0.7949138638228057,
            0.8798701298701299,
            0.9734879867439933,
            0.9454995871180842,
            0.8920032976092334,
            0.9665924276169265,
            1.0,
            1.0
        ],
        [
            0.9138911454102356,
            0.9910858995137763,
            0.9985228951255539,
            1.0,
            1.0,
            1.0,
            0.9310897435897436,
            0.9196062346185397,
            0.8108766233766234,
            0.9991714995857498,
            0.9694467382328653,
            0.8837592745259687,
            0.9933184855233853,
            1.0,
            1.0
        ],
        [
            0.9894394800974817,
            0.9837925445705025,
            1.0,
            0.9918300653594772,
            1.0,
            1.0,
            0.9190705128205127,
            0.9359605911330049,
            0.9131493506493507,
            0.9486329743164872,
            0.9653465346534653,
            0.8507831821929102,
            0.9977728285077951,
            1.0,
            1.0
        ],
        [
            0.9114541023558083,
            0.9991896272285251,
            1.0,
            1.0,
            0.9901800327332242,
            0.9770491803278688,
            0.9799679487179486,
            0.8105004101722725,
            0.8271103896103896,
            0.9776304888152444,
            0.9801816680429397,
            0.9117889530090683,
            0.9977728285077951,
            1.0,
            1.0
        ],
        [
            0.9764419171405362,
            0.9773095623987034,
            1.0,
            1.0,
            1.0,
            0.8688524590163934,
            0.9607371794871795,
            0.8941755537325676,
            0.9050324675324676,
            0.9353769676884839,
            0.9727497935590421,
            0.8845836768342952,
            0.977728285077951,
            1.0,
            1.0
        ],
        [
            0.9764419171405362,
            0.9959481361426257,
            0.9985228951255539,
            0.9428104575163399,
            1.0,
            0.9803278688524589,
            0.9350961538461539,
            0.9203612479474549,
            0.8709415584415584,
            0.9925434962717481,
            0.91996699669967,
            0.8293487221764221,
            0.9821826280623608,
            1.0,
            1.0
        ],
        [
            0.9593826157595451,
            0.8962722852512157,
            0.9852289512555391,
            1.0,
            1.0,
            0.99672131147541,
            0.9423076923076923,
            0.8547990155865464,
            0.8376623376623377,
            0.9130074565037283,
            0.9413707679603633,
            0.7922506183017313,
            0.9888641425389754,
            0.9901960784313727,
            1.0
        ]
    ],
    "Train_times": [
        30.0225935,
        27.101665099999998,
        27.2349339,
        35.75667609999999,
        27.312306800000016,
        28.16381039999999,
        27.580308600000023,
        27.264916000000028,
        27.342549399999996,
        27.0342488
    ],
    "Test_times": [
        0.9576297000000054,
        0.9700703000000033,
        0.9853750000000048,
        0.9657341000000201,
        0.9726161999999761,
        0.9943083999999942,
        0.9906734999999856,
        0.9695219000000179,
        0.9712105000000406,
        0.9859463000000233
    ],
    "OA_mean": 0.9500475543478262,
    "OA_std": 0.00958550153250247,
    "AA_mean": 0.9576767940366514,
    "AA_std": 0.008195352986653547,
    "Kappa_mean": 0.9459849623289476,
    "Kappa_std": 0.010362856117553745,
    "Train_time_mean": 28.481400860000008,
    "Test_time_mean": 0.9763085900000071,
    "Avg_EachAcc": [
        0.9489033306255076,
        0.9811183144246355,
        0.9976366322008863,
        0.9930555555555556,
        0.9982815057283142,
        0.9737704918032787,
        0.9528846153846153,
        0.8729168434650599,
        0.8727272727272727,
        0.9616404308202153,
        0.9502159113516637,
        0.8823577906018137,
        0.9806236080178173,
        0.9990196078431373,
        1.0
    ],
    "Std_EachAcc": [
        0.040549821956856025,
        0.028865769324852398,
        0.004341783886764874,
        0.016914921873847865,
        0.003071738850920379,
        0.043024589383145594,
        0.027039678061653086,
        0.044610331024006175,
        0.03711785951566248,
        0.02678261344007904,
        0.023156014216834615,
        0.05073531485663209,
        0.01549605682565605,
        0.0029411764705881915,
        0.0
    ]
}