{
    "dataset": "Muufl",
    "train_num": 20,
    "num_experiments": 10,
    "seeds": [
        1,
        2,
        3,
        4,
        5,
        6,
        7,
        8,
        9,
        10
    ],
    "OAs": [
        0.8410741017964072,
        0.8449476047904192,
        0.8655314371257485,
        0.8366205089820359,
        0.858813622754491,
        0.8664109281437127,
        0.85437874251497,
        0.8376309880239521,
        0.834000748502994,
        0.8448914670658683
    ],
    "AAs": [
        0.8598273253446443,
        0.8595392368710033,
        0.8698999842502687,
        0.8574729084126631,
        0.8554312211340384,
        0.8654525552394322,
        0.8515319163803826,
        0.8435427242378316,
        0.8654925073488872,
        0.8647693528046934
    ],
    "Kappas": [
        0.7962649839065128,
        0.8008311849791734,
        0.8259002855397903,
        0.7908338586343772,
        0.8176193407523178,
        0.8270090837201478,
        0.810755837073242,
        0.7920687908234001,
        0.7885509475035515,
        0.8003249833638659
    ],
    "EachAccs": [
        [
            0.8642900198053906,
            0.8381176470588235,
            0.6705042261731273,
            0.927487352445194,
            0.8339583020848957,
            0.9977578475336323,
            0.8626299141436964,
            0.92475884244373,
            0.7465201465201465,
            0.8282208588957054,
            0.963855421686747
        ],
        [
            0.8772065788340653,
            0.8411764705882354,
            0.6850772369571554,
            0.8628442945474986,
            0.7975101244937755,
            1.0,
            0.8553999096249434,
            0.9557877813504824,
            0.7201465201465201,
            0.9079754601226994,
            0.9518072289156626
        ],
        [
            0.891500904159132,
            0.7957647058823529,
            0.768726318857476,
            0.9055649241146712,
            0.8519574021298935,
            1.0,
            0.7907817442385902,
            0.9697749196141479,
            0.7208791208791209,
            0.9141104294478528,
            0.9598393574297188
        ],
        [
            0.862998363902523,
            0.712235294117647,
            0.7353541241620519,
            0.9657110736368747,
            0.791660416979151,
            0.9887892376681614,
            0.9308630817894261,
            0.939871382636656,
            0.6307692307692307,
            0.9141104294478528,
            0.9598393574297188
        ],
        [
            0.8967105829673642,
            0.7792941176470588,
            0.7295249198484407,
            0.8145025295109611,
            0.8528573571321434,
            1.0,
            0.8892905558065973,
            0.9390675241157557,
            0.7208791208791209,
            0.803680981595092,
            0.9839357429718877
        ],
        [
            0.9033841384655128,
            0.8392941176470589,
            0.7072282133488779,
            0.8712759977515457,
            0.8828558572071397,
            0.9977578475336323,
            0.859918662449164,
            0.9387459807073956,
            0.6483516483516483,
            0.8711656441717791,
            1.0
        ],
        [
            0.9143632136398864,
            0.8249411764705883,
            0.6410667443893908,
            0.9173693086003373,
            0.855707214639268,
            1.0,
            0.7880704925440578,
            0.9118971061093248,
            0.6864468864468865,
            0.8711656441717791,
            0.9558232931726907
        ],
        [
            0.8539137173856886,
            0.7981176470588235,
            0.7477411833284756,
            0.8392355255761664,
            0.8209089545522724,
            1.0,
            0.8707636692272933,
            0.9416398713826366,
            0.6124542124542125,
            0.834355828220859,
            0.9598393574297188
        ],
        [
            0.8527512270731077,
            0.7943529411764706,
            0.7273389682308364,
            0.927487352445194,
            0.766611669416529,
            0.9977578475336323,
            0.938093086308179,
            0.9358520900321543,
            0.657142857142857,
            0.9631901840490797,
            0.9598393574297188
        ],
        [
            0.8862051149573753,
            0.676235294117647,
            0.718157971436899,
            0.9623383923552558,
            0.8285585720713964,
            0.9977578475336323,
            0.8807049254405784,
            0.9234726688102894,
            0.7289377289377289,
            0.9141104294478528,
            0.9959839357429717
        ]
    ],
    "Train_times": [
        14.220455699999999,
        20.189563500000002,
        13.154841599999997,
        12.444156600000007,
        12.5419567,
        12.956639500000009,
        12.794134,
        12.733163300000001,
        12.60354430000001,
        12.763346299999995
    ],
    "Test_times": [
        2.3489959999999996,
        2.4177005999999963,
        2.3144783999999987,
        2.296387299999992,
        2.548996500000001,
        2.4711016000000114,
        2.4835774999999956,
        2.5225692999999865,
        2.366469699999982,
        2.374654300000003
    ],
    "OA_mean": 0.8484300149700598,
    "OA_std": 0.01141062511135723,
    "AA_mean": 0.8592959732023845,
    "AA_std": 0.007387491385752106,
    "Kappa_mean": 0.8050159296296379,
    "Kappa_std": 0.013666012407140743,
    "Train_time_mean": 13.640180150000003,
    "Test_time_mean": 2.414493119999997,
    "Avg_EachAcc": [
        0.8803323861190044,
        0.7899529411764706,
        0.7130719906732731,
        0.8993816750983697,
        0.8282585870706463,
        0.9979820627802691,
        0.8666516041572525,
        0.9380868167202572,
        0.6872527472527472,
        0.8822085889570553,
        0.9690763052208833
    ],
    "Std_EachAcc": [
        0.020354885127423426,
        0.05273287649062757,
        0.03620854788747396,
        0.04822003838502027,
        0.033275896211896645,
        0.0032414422185652473,
        0.04698218827656194,
        0.015545958747085128,
        0.044496614981186046,
        0.04678693488328251,
        0.01656352660827413
    ]
}