{
    "dataset": "Houston",
    "train_num": 20,
    "num_experiments": 10,
    "seeds": [
        1,
        2,
        3,
        4,
        5,
        6,
        7,
        8,
        9,
        10
    ],
    "OAs": [
        0.9698369565217392,
        0.9438858695652174,
        0.9475543478260868,
        0.952241847826087,
        0.9515625,
        0.9480978260869564,
        0.9499320652173913,
        0.9636548913043478,
        0.9468070652173914,
        0.9218070652173913
    ],
    "AAs": [
        0.9747168145056949,
        0.9500310898999973,
        0.9557548968445796,
        0.9601146554998355,
        0.9609291019551329,
        0.9580294868274722,
        0.9580769592022343,
        0.9633031222160998,
        0.9553219131907518,
        0.934967229967009
    ],
    "Kappas": [
        0.9673852572917443,
        0.9393196307825672,
        0.9432951000667954,
        0.9483585934405838,
        0.9476213682934376,
        0.9438952885797591,
        0.9458625329094139,
        0.9606937257928787,
        0.9424843163825488,
        0.9154600762830863
    ],
    "EachAccs": [
        [
            0.9935012185215271,
            0.9967585089141004,
            0.9985228951255539,
            0.9665032679738562,
            1.0,
            0.9934426229508196,
            0.9951923076923077,
            0.9064807219031994,
            0.9123376623376623,
            0.971830985915493,
            0.9248554913294798,
            0.9769167353668591,
            0.9844097995545656,
            1.0,
            1.0
        ],
        [
            0.9545085296506904,
            0.9943273905996759,
            0.9985228951255539,
            0.9983660130718954,
            1.0,
            0.9377049180327869,
            0.8878205128205127,
            0.8679245283018868,
            0.8563311688311689,
            0.9809444904722452,
            0.9562345169281585,
            0.8623248145094806,
            0.9554565701559021,
            1.0,
            1.0
        ],
        [
            0.8545897644191714,
            0.993517017828201,
            0.9955686853766618,
            1.0,
            0.9983633387888707,
            0.99672131147541,
            0.9655448717948718,
            0.8359310910582445,
            0.913961038961039,
            0.9900579950289975,
            0.9050371593724195,
            0.9315746084089035,
            0.9554565701559021,
            1.0,
            1.0
        ],
        [
            0.9805036555645816,
            0.986223662884927,
            1.0,
            0.9975490196078431,
            0.9950900163666121,
            1.0,
            0.9815705128205127,
            0.7809680065627563,
            0.8928571428571429,
            0.9826014913007457,
            0.9545829892650702,
            0.8854080791426217,
            0.9643652561247216,
            1.0,
            1.0
        ],
        [
            0.9130787977254264,
            0.9951377633711506,
            0.9985228951255539,
            0.9991830065359477,
            1.0,
            1.0,
            0.9358974358974359,
            0.9278096800656276,
            0.8043831168831168,
            1.0,
            0.9661436829066887,
            0.8804616652926627,
            0.9933184855233853,
            1.0,
            1.0
        ],
        [
            0.9991876523151909,
            0.9837925445705025,
            1.0,
            0.946078431372549,
            1.0,
            1.0,
            0.922275641025641,
            0.9072249589490968,
            0.9066558441558441,
            0.9304059652029825,
            0.9628712871287128,
            0.8186314921681782,
            0.9933184855233853,
            1.0,
            1.0
        ],
        [
            0.9106417546709992,
            1.0,
            1.0,
            1.0,
            0.9852700490998363,
            0.9770491803278688,
            0.9735576923076923,
            0.815422477440525,
            0.8433441558441559,
            0.9859154929577465,
            0.9752270850536746,
            0.9192085737840066,
            0.9977728285077951,
            0.9877450980392157,
            1.0
        ],
        [
            0.9756295694557271,
            0.9773095623987034,
            1.0,
            1.0,
            1.0,
            0.8688524590163934,
            0.9591346153846154,
            0.900738310090238,
            0.9237012987012987,
            0.9958574979287491,
            0.9636663914120561,
            0.9084913437757627,
            0.977728285077951,
            1.0,
            0.9984375
        ],
        [
            0.9756295694557271,
            0.9967585089141004,
            0.9985228951255539,
            0.9419934640522876,
            1.0,
            0.9803278688524589,
            0.9302884615384616,
            0.9006568144499179,
            0.8782467532467533,
            0.9950289975144987,
            0.9298679867986799,
            0.8252267106347898,
            0.9821826280623608,
            0.9950980392156863,
            1.0
        ],
        [
            0.9439480097481722,
            0.8970826580226904,
            0.9867060561299852,
            0.9991830065359477,
            1.0,
            0.9901639344262295,
            0.9294871794871795,
            0.8490566037735848,
            0.8100649350649349,
            0.9212924606462303,
            0.9454995871180842,
            0.7856553998351196,
            0.9688195991091314,
            0.9975490196078431,
            1.0
        ]
    ],
    "Train_times": [
        27.749334899999997,
        24.961319299999992,
        24.790869799999996,
        25.06865909999999,
        26.242213099999987,
        26.629595800000004,
        28.603979100000004,
        31.261657799999995,
        25.308922900000027,
        25.188159900000016
    ],
    "Test_times": [
        0.879037799999999,
        0.9082472000000053,
        0.9158631000000099,
        0.9167246000000091,
        0.9108687000000089,
        0.9015863999999851,
        1.086666799999989,
        0.9121327000000292,
        0.9060125999999968,
        0.903567100000032
    ],
    "OA_mean": 0.9495380434782609,
    "OA_std": 0.011988816624948238,
    "AA_mean": 0.9571245270108808,
    "AA_std": 0.009587457024462757,
    "Kappa_mean": 0.9454375889822815,
    "Kappa_std": 0.012960335796456472,
    "Train_time_mean": 26.58047117,
    "Test_time_mean": 0.9240707000000065,
    "Avg_EachAcc": [
        0.9501218521527214,
        0.9820907617504051,
        0.9976366322008863,
        0.9848856209150327,
        0.997872340425532,
        0.9744262295081967,
        0.948076923076923,
        0.8692213192595076,
        0.8741883116883116,
        0.9753935376967687,
        0.9483986177313023,
        0.8793899422918384,
        0.97728285077951,
        0.9980392156862747,
        0.9998437499999999
    ],
    "Std_EachAcc": [
        0.043160361988087405,
        0.029104569394540057,
        0.0038631305260331044,
        0.022627179355573766,
        0.004455207066715628,
        0.039502414378567975,
        0.030862988164815464,
        0.045217414897340415,
        0.04142792258173653,
        0.026041943961716413,
        0.02088815063649606,
        0.05514265522224459,
        0.014833697822135127,
        0.0037652675234649906,
        0.00046875000000000665
    ]
}