{
    "dataset": "Trento",
    "train_num": 20,
    "num_experiments": 10,
    "seeds": [
        1,
        2,
        3,
        4,
        5,
        6,
        7,
        8,
        9,
        10
    ],
    "OAs": [
        0.9947473404255319,
        0.9951462765957447,
        0.9950465425531916,
        0.9938497340425532,
        0.9955119680851063,
        0.9945811170212767,
        0.9932845744680852,
        0.9927859042553192,
        0.9936502659574468,
        0.9942819148936171
    ],
    "AAs": [
        0.987858784202554,
        0.9890629875938295,
        0.9888017135816695,
        0.987133235746038,
        0.9930169107595682,
        0.9906782971818221,
        0.9855010464387485,
        0.9877359959275159,
        0.9895484749274758,
        0.9907579973673086
    ],
    "Kappas": [
        0.9929852205230635,
        0.993518514274067,
        0.9933847197851968,
        0.9917884269916618,
        0.9940082962079745,
        0.9927652821142386,
        0.9910337419296321,
        0.990368665114405,
        0.9915220426654596,
        0.9923654230882883
    ],
    "EachAccs": [
        [
            0.9992526158445441,
            0.97186523098298,
            0.9760348583877996,
            1.0,
            1.0,
            0.98
        ],
        [
            0.9940209267563528,
            0.9732546022924626,
            0.9782135076252723,
            1.0,
            1.0,
            0.9888888888888888
        ],
        [
            0.9987543597409069,
            0.9760333449114276,
            0.9782135076252723,
            1.0,
            0.9998090692124105,
            0.98
        ],
        [
            0.9950174389636273,
            0.9857589440778048,
            0.9782135076252723,
            1.0,
            1.0,
            0.9638095238095238
        ],
        [
            0.9952665670154459,
            0.9791594303577631,
            1.0,
            0.9992310227397562,
            1.0,
            0.9844444444444445
        ],
        [
            0.9957648231190832,
            0.9781174018756512,
            0.9912854030501088,
            0.9998901461056795,
            0.9983770883054892,
            0.9806349206349206
        ],
        [
            0.9902840059790734,
            0.9628343174713442,
            0.9738562091503268,
            1.0,
            1.0,
            0.986031746031746
        ],
        [
            0.9952665670154459,
            0.9736019451198332,
            0.9956427015250546,
            1.0,
            1.0,
            0.9619047619047619
        ],
        [
            0.996013951170902,
            0.9631816602987149,
            1.0,
            1.0,
            1.0,
            0.9780952380952381
        ],
        [
            0.9942700548081714,
            0.97186523098298,
            1.0,
            1.0,
            1.0,
            0.9784126984126984
        ]
    ],
    "Train_times": [
        6.3733598,
        5.4317530000000005,
        5.4308391,
        5.4265051000000035,
        5.483252499999999,
        5.492957799999999,
        5.243485500000006,
        5.229780000000005,
        5.425298900000001,
        6.464228500000004
    ],
    "Test_times": [
        1.567539,
        1.5191048999999985,
        1.5016232999999986,
        1.4990226000000035,
        1.5402512000000002,
        1.5480962000000034,
        1.5102552999999972,
        1.5226764000000088,
        1.5344702999999953,
        1.8321309999999897
    ],
    "OA_mean": 0.9942885638297874,
    "OA_std": 0.0008348056444531641,
    "AA_mean": 0.989009544372653,
    "AA_std": 0.0020251807710873547,
    "Kappa_mean": 0.9923740332693989,
    "Kappa_std": 0.0011142506012004711,
    "Train_time_mean": 5.600146020000002,
    "Test_time_mean": 1.5575170199999995,
    "Avg_EachAcc": [
        0.9953911310413552,
        0.9735672108370961,
        0.9871459694989106,
        0.9999121168845434,
        0.99981861575179,
        0.9782222222222222
    ],
    "Std_EachAcc": [
        0.0023693374415765535,
        0.006600336322839453,
        0.010604003070708487,
        0.00022938166558079566,
        0.00048386924668160586,
        0.008364582377333047
    ]
}